{
  "project_info": {
    "project_number": "446082097786",
    "project_id": "opticalcharacterrecognizer",
    "storage_bucket": "opticalcharacterrecognizer.appspot.com"
  },
  "client": [
    {
      "client_info": {
        "mobilesdk_app_id": "1:446082097786:android:b70f8987ca883f9a3a11c3",
        "android_client_info": {
          "package_name": "com.example.opticalcharacterrecognizer"
          //"com.android.application"
        }
      },
      "oauth_client": [
        {
          "client_id": "446082097786-44a50jeb49aim3sh4hsg4bfkmcq8slnt.apps.googleusercontent.com",
          "client_type": 3
        }
      ],
      "api_key": [
        {
          "current_key": "AIzaSyCDgNh_3g90wgGCxJTgdHOhaC9ahvWtQ5E"
        }
      ],
      "services": {
        "appinvite_service": {
          "other_platform_oauth_client": [
            {
              "client_id": "446082097786-44a50jeb49aim3sh4hsg4bfkmcq8slnt.apps.googleusercontent.com",
              "client_type": 3
            }
          ]
        }
      }
    }
  ],
  "configuration_version": "1"
}